,name_Classifer,accuracy,F1-score,recall,precision,tempo
0,XGBoost,0.9268086715402069,0.4702243629861121,0.4690972264506869,0.5252543702887847,60.608704091981046
0,CART,0.9110536929669776,0.4680212514486965,0.4987933693470248,0.5161430007744623,5.588692537974566
0,R.Forest,0.9250189059742878,0.5012586293178544,0.5164465521308704,0.5524430529448613,58.92436721595004
0,Bagging,0.9246155785228132,0.45339417673897386,0.4676774843919686,0.5042111521258212,229.72243187902495
