,name_Classifer,accuracy,F1-score,recall,precision,tempo
0,XGBoost,0.9278139113588044,0.5207720637509475,0.5245211727064667,0.5932630626542723,64.00128863193095
0,CART,0.9083772597466316,0.4875622461609884,0.5073027783421266,0.4985422213891601,5.7818164478521785
0,R.Forest,0.9225301614059808,0.5160581630540968,0.5316033224677574,0.6115831005726525,59.013563452055685
0,Bagging,0.923624652467637,0.5325190865246754,0.5391128901292217,0.5854129400276513,235.71859449800104
