,name_Classifer,accuracy,F1-score,recall,precision,tempo
0,XGBoost,0.9383727959181584,0.8685783512887938,0.8643833677670033,0.8937140587668044,86.23491503787226
0,CART,0.9253711463786972,0.8302727980851974,0.8388327519184824,0.8313062515999053,6.893090118188411
0,R.Forest,0.9370408696454002,0.8536949075935008,0.8377585180149993,0.9073640428941124,69.87027668207885
0,Bagging,0.935370839011096,0.8575033514165327,0.8470651657306556,0.88523642329814,274.6331172878854
