,name_Classifer,accuracy,F1-score,recall,precision,tempo
0,XGBoost,0.9308871671069427,0.7887179876128623,0.7480567126882132,0.8919706625405529,46.64861513697542
0,CART,0.9123323685175121,0.7047894725963915,0.7267976968487966,0.6952441675322361,4.8954661269672215
0,R.Forest,0.9243146226474714,0.761628122788303,0.7304520103250405,0.8342397372153659,42.508399672806256
0,Bagging,0.9222164642238709,0.7455535008387654,0.7113361791756412,0.8459960714906826,174.1377766658552
