,name_Classifer,accuracy,F1-score,recall,precision,tempo
0,XGBoost,0.9278410455401492,0.776685988482289,0.7485050899868662,0.8491649749489933,29.28612954192795
0,CART,0.9070869724585108,0.6998102293755404,0.7058572266180646,0.7115268613766648,3.5695993981789798
0,R.Forest,0.9103985237053984,0.7349379312784459,0.6965660412420528,0.8338286709863271,31.589233367936693
0,Bagging,0.9211041874691912,0.7518898403829979,0.7285606452247018,0.8214972256867713,104.87805503490381
