,name_Classifer,accuracy,F1-score,recall,precision,tempo
0,XGBoost,0.9254726650777382,0.7271528560102233,0.7246381756157448,0.7719423428193406,67.12194476090372
0,CART,0.9089865023401706,0.6890103704033613,0.6973987204297666,0.6965260110783829,5.811332903103902
0,R.Forest,0.9216320683650914,0.7173639922555023,0.7054896499489861,0.7632253556725938,59.69364152103663
0,Bagging,0.9220272423033701,0.7417235236189946,0.7400194042424626,0.7757533380207279,238.81571488897316
