,name_Classifer,accuracy,F1-score,recall,precision,tempo
0,XGBoost,0.979071271244514,0.7980223527519104,0.7916180128008634,0.8250333428927114,1389.4563278660644
0,CART,0.9748414894085492,0.7582035702847413,0.7660500937484606,0.7574820544814839,90.28399316407742
0,R.Forest,0.9820062376727934,0.7817224843020939,0.7679272882992703,0.829691648981178,980.4438257440924
0,Bagging,0.982541623757236,0.7800460284376186,0.7822829828130545,0.8135098503252477,3027.5178462259937
