,name_Classifer,accuracy,F1-score,recall,precision,tempo
0,XGBoost,0.978996973687572,0.5206160125632048,0.5217410568357833,0.5371376635065781,1406.0631653589664
0,CART,0.9744973758797713,0.48466814682564796,0.5039746809962755,0.4912218941275003,89.60121198417617
0,R.Forest,0.9820132216330628,0.4827451171298489,0.48048893145930893,0.5294139096936574,975.8257021731696
0,Bagging,0.9824119299728801,0.4924443701725091,0.4926683471173921,0.526403112742998,3130.992462374037
