,name_Classifer,accuracy,F1-score,recall,precision,tempo
0,XGBoost,0.9824177049622124,0.8645215389735524,0.8593303166659333,0.9213061450488812,828.8954944470897
0,CART,0.974746360060683,0.8071283927312886,0.8067609362597419,0.8126172902250098,84.15724977711216
0,R.Forest,0.9822016434613516,0.8156510450294018,0.8004225909652168,0.8842138890340001,873.475920941215
0,Bagging,0.9822829569294176,0.849673365461632,0.8187918360734159,0.9250446655264959,2810.9111742691603
