,name_Classifer,accuracy,F1-score,recall,precision,tempo
0,XGBoost,0.7345671080782342,0.068171557625341,0.06940382594569253,0.07572658349539864,1202.7466404240113
0,CART,0.9747800940618432,0.5308325090761039,0.5461869861198233,0.5402541992680586,85.54535863106139
0,R.Forest,0.9820816523674912,0.5324779701565829,0.5282133516356359,0.5910281427861304,963.7275709519164
0,Bagging,0.9829245864282198,0.5468896936812551,0.5374321793451614,0.5963980835578779,3024.987593960017
