,name_Classifer,accuracy,F1-score,recall,precision,tempo
0,XGBoost,0.9790123839641544,0.9115171912545532,0.9030108917644531,0.9374194336059516,1441.5769137039315
0,CART,0.9756057160015824,0.8878617338761087,0.8894636024292819,0.8892786344068175,90.11338067799808
0,R.Forest,0.9823782082166956,0.8947202206519441,0.8836487784658281,0.9342296291873744,1104.969376094872
0,Bagging,0.9827594161769834,0.8956085401090507,0.8818442094223481,0.9288246518178007,3133.1032284898683
