,name_Classifer,accuracy,F1-score,recall,precision,tempo
0,XGBoost,0.9559668210073732,0.6875578705790037,0.6591432908705355,0.8178964083288571,293.55834894184954
0,CART,0.9548787693632536,0.6960581335357793,0.6828883623940613,0.7485634170459785,45.53838754701428
0,R.Forest,0.957664336454996,0.7079779018439999,0.6822796010160906,0.8107825347147335,265.5017719471361
0,Bagging,0.9582110727259914,0.7009276785312321,0.6798661930598563,0.7977480646546303,391.45014977199025
